Жест,Уверенность,X_WRIST,Y_WRIST,Z_WRIST,X_THUMB_CMC,Y_THUMB_CMC,Z_THUMB_CMC,X_THUMB_MCP,Y_THUMB_MCP,Z_THUMB_MCP,X_THUMB_IP,Y_THUMB_IP,Z_THUMB_IP,X_THUMB_TIP,Y_THUMB_TIP,Z_THUMB_TIP,X_INDEX_FINGER_MCP,Y_INDEX_FINGER_MCP,Z_INDEX_FINGER_MCP,X_INDEX_FINGER_PIP,Y_INDEX_FINGER_PIP,Z_INDEX_FINGER_PIP,X_INDEX_FINGER_DIP,Y_INDEX_FINGER_DIP,Z_INDEX_FINGER_DIP,X_INDEX_FINGER_TIP,Y_INDEX_FINGER_TIP,Z_INDEX_FINGER_TIP,X_MIDDLE_FINGER_MCP,Y_MIDDLE_FINGER_MCP,Z_MIDDLE_FINGER_MCP,X_MIDDLE_FINGER_PIP,Y_MIDDLE_FINGER_PIP,Z_MIDDLE_FINGER_PIP,X_MIDDLE_FINGER_DIP,Y_MIDDLE_FINGER_DIP,Z_MIDDLE_FINGER_DIP,X_MIDDLE_FINGER_TIP,Y_MIDDLE_FINGER_TIP,Z_MIDDLE_FINGER_TIP,X_RING_FINGER_MCP,Y_RING_FINGER_MCP,Z_RING_FINGER_MCP,X_RING_FINGER_PIP,Y_RING_FINGER_PIP,Z_RING_FINGER_PIP,X_RING_FINGER_DIP,Y_RING_FINGER_DIP,Z_RING_FINGER_DIP,X_RING_FINGER_TIP,Y_RING_FINGER_TIP,Z_RING_FINGER_TIP,X_PINKY_MCP,Y_PINKY_MCP,Z_PINKY_MCP,X_PINKY_PIP,Y_PINKY_PIP,Z_PINKY_PIP,X_PINKY_DIP,Y_PINKY_DIP,Z_PINKY_DIP,X_PINKY_TIP,Y_PINKY_TIP,Z_PINKY_TIP
1,0.9874833,0.6999665223760647,1.0,0.5960763658647559,0.5361415107287305,0.942408938083783,0.5426765429402868,0.41339107807782854,0.7930393050678053,0.5116001217125373,0.3395530359530299,0.6659523158349446,0.4825460174399288,0.26443161365140255,0.5591321870180643,0.45395955239055397,0.4726062821922841,0.4972031433336844,0.5484751178823494,0.42590221768949665,0.28811607058491207,0.4962172942514224,0.3939723459719321,0.16341128009227224,0.45266828915253376,0.3675394174437376,0.05075330354599156,0.4203453778021085,0.5562862326870162,0.4733201579619381,0.5344310479895077,0.5122331570425505,0.25269705800237063,0.48759149726948225,0.4799692216787354,0.11774881292678091,0.4485465615760216,0.451501412288269,0.0,0.41971644313022133,0.6432073416472046,0.4937097269100951,0.5111231386122528,0.6111369465699117,0.27999279425855184,0.4631027810387349,0.5833813027256544,0.15043196681254395,0.43512026536560594,0.5539258392957186,0.03344398954084349,0.41538093762308803,0.7355683863485974,0.5482876601535183,0.48195653370365493,0.7272722349356749,0.3701916889696431,0.4362773027854374,0.7111714788316381,0.2532466098026872,0.4165353206336143,0.6892672219857205,0.1427909734976649,0.4039236341352441
1,0.9978324,0.5997555286257017,1.0,0.9802733548263995,0.3855370287420247,0.8257783132883396,0.8453516213013266,0.2853164971590547,0.6022526166905678,0.7134522207027739,0.22356128798778047,0.4463169952456076,0.5941917904964288,0.15115200359270486,0.26384061384634316,0.45910129384124776,0.47041275209603384,0.4431378835526882,0.6125197166391825,0.493946666543206,0.24367061624996766,0.40457605597694724,0.5086157206301586,0.11600131022612975,0.2550004423100078,0.5227805151318387,0.0,0.14331586613305164,0.5943637706270913,0.5329078570742373,0.5599078294621526,0.6276086366896496,0.30271470674816614,0.32468481516270886,0.6397610226245496,0.17603154265237453,0.1582103323567261,0.6564160569832622,0.05331590223305588,0.033863468122157014,0.6999386361996652,0.6576721726257649,0.5016733225196132,0.7291999672829282,0.4545169042705424,0.27977388237507156,0.7354868149814867,0.30907601665021167,0.12698732731683093,0.7410597128999787,0.18722884472855827,0.019748829508836163,0.7909843054509034,0.8040583058344031,0.44127700033516215,0.8243865838400042,0.6694267837845241,0.24459825574476407,0.8370818108127607,0.5353190049534727,0.11798251273736299,0.8488479964072951,0.41342534238145556,0.0197266451736004
1,0.9575509,0.676338760661069,1.0,0.6224291391495687,0.5124124118161488,0.9626681052463851,0.5385173596960346,0.3913334485388443,0.8237973363700279,0.4930612102954216,0.3226834384999077,0.674104069424248,0.456483992031977,0.2450484345506982,0.5535648325271645,0.41970237732940563,0.46983812676098197,0.5572776527703742,0.5292658532242711,0.4361847366337921,0.34751081961685254,0.46337968285163655,0.42256674597890576,0.2153850118320894,0.4129398213909036,0.41683085826012184,0.09278936303934843,0.37757086085043134,0.5662045367446769,0.5182073159211578,0.5282267213135511,0.5359559032669956,0.28670374091372647,0.47148614841238645,0.519045037822608,0.13600709828245156,0.42584288178062674,0.50529004368637,0.0,0.39200315137965136,0.6590458911807764,0.5258721297819217,0.5171791645951781,0.6377795322626041,0.3094149167914277,0.46111010946662173,0.6193910234101785,0.1663621749186121,0.42531100590707577,0.6006348842330295,0.03601896630614332,0.40040652795864723,0.7549515654493018,0.567415262925932,0.49892878419361675,0.7453349052044036,0.39521509514198994,0.4471699404926399,0.7294235954051519,0.27729135570836727,0.4222749802718856,0.7098056810215798,0.167602975824389,0.4059600573101216
1,0.97073185,0.6483513827075876,1.0,0.6214014960424431,0.47818899858267916,0.9383360961405041,0.531212058153798,0.3552249388682206,0.7778157031462449,0.48203783666222383,0.2849816150929952,0.6206381314364142,0.44285729609761065,0.21217771888669623,0.48733127468739407,0.4052068230040582,0.4618824119375232,0.49226818156653224,0.5316268414522589,0.44592920228461197,0.2778702272182032,0.46711358775609874,0.4501858927695285,0.15264116892289564,0.4159103558741428,0.4614012274703103,0.03437487274539147,0.37859850395755684,0.5737342370145394,0.4719111045631387,0.5332248829018397,0.5656959399164554,0.2538184770870023,0.47759044537597883,0.5694086098008811,0.124276450313624,0.4333701838343004,0.5732472569816358,0.0,0.40042262165512504,0.6786019478896286,0.50106234244259,0.5234229227195112,0.6769804096153316,0.2900108697359678,0.46589141924453575,0.6770348574298466,0.16142976300559259,0.4357141469976849,0.6728503064862903,0.03805978492045664,0.41535175103762123,0.7819306310440697,0.5651806683720881,0.505757342645154,0.7878222811133038,0.3888871858059886,0.45195909856429495,0.7858218958607002,0.27617654940254577,0.4311737406949767,0.7774601146881444,0.16627432212089643,0.4190466148090368
1,0.9471668,0.4713382303285994,1.0,0.6377391649319627,0.3162253186546765,0.8754757598137766,0.5406542199037376,0.23236974322691029,0.6733424170149607,0.4857537838303459,0.20881963244496993,0.49222557756346547,0.443062934794453,0.1804307908172092,0.3319225588301618,0.40105276531657785,0.41606180045410457,0.44328212228846736,0.5227361769141405,0.468201496659838,0.2272841840137544,0.45320769254769744,0.5156784484085462,0.10638272803958321,0.3999727979963554,0.5651186923793717,0.0,0.3622608350680373,0.5326381672121251,0.47450076539165026,0.5256650732677025,0.591329478734282,0.2529808067454688,0.46537340416506606,0.639034616224394,0.12312977176653345,0.41984552031488953,0.6840954836523558,0.004437541535770584,0.3866241185504918,0.6275595579699165,0.5513832530159295,0.5181009582943034,0.6855396160275279,0.3385836436460562,0.4578505080376018,0.7258855396458557,0.20761658650834652,0.42534336120052463,0.7618744578724379,0.08251106924557322,0.40330781463452614,0.7104169326347967,0.6620930091047602,0.502780569480714,0.7616957869455087,0.49135310266986265,0.44562405874494776,0.7928555193507474,0.37615822906388363,0.42283618900947617,0.8195692091827909,0.26200652223453796,0.4098434345779003
1,0.8794708,0.30758278310920406,0.8620875173690135,0.8419433545094499,0.15887770639286403,0.679773774219948,0.6483734680858113,0.12480339338670077,0.42342324214607585,0.519688348522263,0.14273922135397055,0.22535475063670718,0.4173364725570143,0.15866632601906427,0.0,0.30811409928589995,0.3558876700303585,0.44722995674527477,0.4938188714315764,0.48130838557121636,0.3503354291494145,0.34271975954418443,0.585958133881215,0.3294040973849707,0.2378115784021796,0.7057412942027611,0.3237742656793171,0.1580566454905501,0.4656453031230129,0.6341873608560742,0.5046119228302387,0.6119632043679315,0.5614780000286583,0.35837852292225014,0.7146843100173668,0.5564339358588614,0.26502039914257797,0.8239126791740841,0.5465405213635944,0.1841445404987314,0.5360185043192226,0.818601696469775,0.5055555380301542,0.6745732580859852,0.755570914507716,0.3583414297316554,0.7774565575222399,0.7326225261763597,0.28908036368961776,0.8751966066132992,0.7071064760544146,0.23456760104061114,0.5808008592612195,1.0,0.49483136309704134,0.7049618290743744,0.9494319203266721,0.3675766687505212,0.7885745554330295,0.9186740434352116,0.3111179363478103,0.8712074118089068,0.8777782418660984,0.26279038701158025
1,0.8714248,0.41256189487976186,0.7414771588594357,0.7668615155539703,0.3654749646231523,0.5438044728413832,0.6457698703647052,0.4116373248075415,0.33696229483180784,0.5538574230525278,0.4648529468064857,0.17671348770514123,0.4756055255180421,0.5134552445356633,0.0,0.3901478363716572,0.5022220057383018,0.4579501253399961,0.5112327925705095,0.5869229772378541,0.4121600016679647,0.38718917619303755,0.6191348260059417,0.4358163419917116,0.2963389779335084,0.6345250353768477,0.4830024873882639,0.2331384844460297,0.5304668665468296,0.6422927540415342,0.5067366796651182,0.6277149584976959,0.6258165702584285,0.3776311814388583,0.6333578195819412,0.6629016438259155,0.2976252698701034,0.611241650515748,0.7067428730008464,0.23713023125618204,0.5322980329340343,0.8116760043331134,0.4989356870823485,0.6112804738313777,0.8113276729178795,0.3775551973801431,0.6250404634209776,0.8348682622450265,0.32585292080607786,0.6044069495891828,0.8463159279662136,0.28943044979909627,0.5068552808786004,0.954734170826543,0.4856147963820244,0.5678113014312323,0.9772072987114433,0.3823211637832366,0.5911327906576723,0.9972669104746923,0.3432661214882897,0.5886056803902894,1.0,0.31224386584286745
1,0.9937445,0.6356798484045466,1.0,0.6679565728894905,0.46928356885737993,0.9124621893147261,0.5744753120437321,0.3498394619796896,0.7245139539314565,0.5145741685318602,0.27741668403274344,0.5535736921572949,0.46502518017706607,0.19952940627424415,0.4068322689584035,0.413355460777441,0.4727515474291044,0.4930611934337593,0.5287469087047015,0.472231874321048,0.27864274445313647,0.4409139613526393,0.48018884896103115,0.15161301203549982,0.37799146703877806,0.4944162479940449,0.028804660977986618,0.33204342711050955,0.5790544244373892,0.5022780750162148,0.5187434709146092,0.5852410603980598,0.2760411444329287,0.43280991414032205,0.5939140872844431,0.13427897204531414,0.3754987611760675,0.6017828068293117,0.0,0.3344754479689005,0.6775437220823951,0.5665196210483319,0.499129440248967,0.6916579143180107,0.34482821292057675,0.4106502611353285,0.6972902220285642,0.20925136729937716,0.36787141469565143,0.6975848677475066,0.07665571102108987,0.3410497209463763,0.7717442533688263,0.6673055534634118,0.4733805349278933,0.7957627311825274,0.49371440435588954,0.3903057482071892,0.8004705937257559,0.3693923937045931,0.3549248889660568,0.797855439694431,0.24941228729636444,0.3333382587350363
1,0.9967904,0.5611731034353115,0.8709569435238642,1.0,0.3876417147767098,0.7107318192675552,0.8722295285449052,0.29610575082806023,0.5223875520684892,0.7382448773405454,0.23685172510251812,0.38484144279538607,0.6267162385696328,0.1582913903497793,0.20358019027849128,0.5020346825630237,0.4473060976010817,0.482640517410381,0.5553720718834535,0.4426452835474821,0.3346413610991491,0.35718790325809363,0.4461314959784095,0.2280734454421703,0.2308061401641216,0.4509010364341077,0.12904305647613573,0.1351132142443251,0.5579373992274013,0.5827473949790122,0.5170915878718346,0.5885669716004328,0.46616773832878633,0.2794376288118997,0.6000786832408143,0.3652266975440541,0.12820722429284354,0.6139976071458416,0.2730122873277637,0.006763803039646132,0.6466349721394459,0.7044371925278743,0.48534696224091656,0.6884661185468726,0.6371350635197146,0.24607272053152512,0.7133988163372156,0.5384500550694374,0.10233763222987113,0.740719119991826,0.4669738692534372,0.0,0.703706611059227,0.8418033604156859,0.4577652534176241,0.7492435291745464,0.8163523082880649,0.24167618779211758,0.7948800996554255,0.7919040992343462,0.12248758360062456,0.8417086096502207,0.7709714311939393,0.03064869266430975
1,0.97366226,0.2977290614277488,1.0,0.64348595301686,0.45812489407872375,0.984384061068279,0.5531741053626664,0.5896275091026044,0.8664503777422823,0.5038311162673085,0.6718837128106747,0.7397819180302849,0.4627675949636604,0.7618914172881734,0.6465230844166919,0.418324454456089,0.5352909646416263,0.579561131542979,0.521040817901938,0.5936171482180287,0.37037308344496833,0.44593601614647504,0.620688282059168,0.23248787485938888,0.3936342983972697,0.6433091254092961,0.10435510234424594,0.35651404698314,0.43743234458978925,0.5375663609112131,0.519793664950324,0.48722944461304263,0.2995342929432884,0.44719681060327404,0.5179064207014377,0.14305688497469238,0.39579014887359776,0.5438986015197758,0.0,0.3594548531114953,0.3390776698039524,0.5493248287354042,0.5103808055263916,0.3688271594451743,0.3264197799990459,0.4391702372909372,0.39481913640540256,0.1795148693425807,0.397865186597541,0.4215218986420196,0.04644200325112913,0.3718483389479095,0.2381085827118266,0.596334169106282,0.49404588452344783,0.2604699146880991,0.41780943860330555,0.42833816867066654,0.28402830148548686,0.30461443704107294,0.3964112026052952,0.31091535145342,0.1970703143315377,0.37680744229296287
1,0.92912984,0.23449816621750907,0.9473324230449041,1.0,0.49873798596274316,0.91668169095543,0.888802416122488,0.6422498986446095,0.7301185029000693,0.7664894685353669,0.720107266399795,0.5805141786846287,0.6571919637721421,0.8418114066739607,0.41803014830721297,0.5277141419472432,0.5170377433417787,0.5359608001493232,0.6023960748797494,0.5525779490674066,0.3450621618817127,0.3989990023182802,0.5570846277787139,0.19390044292983288,0.2594278835426156,0.5511969519922604,0.06176816399043755,0.15336775124243002,0.386229231467063,0.5755841825088057,0.546718797672937,0.40197985341215425,0.35266489185279404,0.30735820192132396,0.4005782719945337,0.19950159943807938,0.13673421792618884,0.4088812388356144,0.052667576955095885,0.0,0.267856800866738,0.6538870212809458,0.49490620768905247,0.2666332786268434,0.47032563958102647,0.26915375459553903,0.2732731598250585,0.322566706283728,0.11576348057479635,0.27966362894540153,0.2004356485927753,0.001269675474141918,0.16146473450584625,0.7546674081961827,0.4456101228024994,0.1581885933260393,0.6441804422799378,0.24879145533122804,0.17194087253469303,0.5362875650477938,0.12336602593294071,0.18236384203768696,0.43008343465675686,0.020753632537493405
1,0.97639155,0.31896905109519513,1.0,0.6256464533117075,0.4755242057810277,0.9728086510648322,0.5374109212797022,0.6002380198397906,0.845668663653492,0.49243460946751694,0.6711906130750424,0.7095188241680359,0.4559625638050615,0.7553103029025652,0.6133172423165743,0.41774073093165165,0.5298765145323897,0.5678538812904498,0.5203916696424069,0.5680952008929445,0.3603885398850013,0.4543214535614243,0.5809891866906615,0.22325998817302445,0.40745412828125094,0.5897480350760863,0.09839171783037864,0.37435354668829246,0.4337637523805897,0.5291428390323583,0.5226312042428318,0.4680280057251535,0.289985233235836,0.45897775458221174,0.489511091245873,0.13574111887779894,0.41371211846752187,0.5073558949282517,0.0,0.3825991711116491,0.3397220804208254,0.5377867826374573,0.5160880470637872,0.3627954428842378,0.3154796172483944,0.45344382102247727,0.3871559736530251,0.17212338295324325,0.41707534943343416,0.4117135119935288,0.04325962819891127,0.39508639268275875,0.24468969709743482,0.5792705385447499,0.5022914522623873,0.26070880598412616,0.39831194313243734,0.4452284715958665,0.2791882596790648,0.2836671658481603,0.4179509766818051,0.30156247676797504,0.17491246499056112,0.40194313328932557
1,0.9654115,0.305244045232054,1.0,0.5925441250799244,0.4631115619980591,0.968632002560219,0.5198708205907151,0.5888082922142237,0.8476687416774218,0.4868816326820048,0.6605122032423113,0.7128631263548806,0.4595451386407272,0.7310750123158023,0.6085879832947989,0.4321506562467251,0.5341713689009572,0.5520155207581852,0.52922514385177,0.580397924744595,0.3506006808775356,0.47791378771394494,0.6011617411260737,0.21797483286510294,0.436488552005369,0.6172651035141131,0.10057828275766156,0.40745587492007557,0.4465632742457433,0.5082964787245068,0.5295866575736555,0.49483147566026686,0.2815382927495008,0.48266509961738147,0.52545887989913,0.128626866177814,0.4427984946573241,0.5510734710214517,0.0,0.4149025854271602,0.3594381944128966,0.5074973593629013,0.520959138275524,0.40102334099214054,0.29371647953691316,0.47493423669121765,0.4314703581130356,0.1554450398857367,0.44324111061093546,0.46123556127980075,0.0390865540543191,0.42334492083482933,0.26892498768419765,0.5385108464477277,0.5053657364705898,0.2945993071261833,0.3661776241770115,0.46260124820878645,0.32182985299873496,0.2534890133425727,0.44178551754098966,0.35303998798347197,0.1516989543368138,0.429976013930147
1,0.9757159,0.3054496546329686,1.0,0.6140920732232763,0.46233951904214926,0.975511095987296,0.5336493452733891,0.5895740883880921,0.855767434388476,0.4948031407436354,0.6612410193793556,0.7207733983725817,0.4631515774689462,0.7399473891402111,0.6243663266887776,0.43044403903409684,0.5346678389334221,0.5660470821130775,0.5224076426277822,0.5959812011320278,0.36308313085555965,0.4614422249461604,0.6281335937572177,0.22833834266938074,0.4168686934361022,0.6527047463459049,0.1075443436589299,0.3859079267767237,0.44302387082072014,0.5190675552079131,0.5232978936437638,0.49309432744017795,0.2849806658105629,0.467006979468164,0.524593222409388,0.13241600508529727,0.4247434332175186,0.5487227861146953,0.0,0.3952273416236567,0.3527603571615542,0.5222771102084726,0.5157865199873283,0.38210141390562946,0.3047364273168949,0.4608943929724307,0.4091074322944094,0.16400289063326012,0.42538605635428683,0.4348953762185877,0.04137250931808362,0.4031865273396581,0.2600526108597889,0.5608590061805763,0.5013102092452794,0.2692973636316044,0.38121034489483985,0.4498202509495417,0.2833006007097244,0.262701310126147,0.42375285754420944,0.3011436016510279,0.15239775770621683,0.40851305290318274
1,0.9757594,0.3070915193278515,1.0,0.6111584984675493,0.46310471089608896,0.972870499163293,0.5280144415538317,0.5881084751685226,0.8507425741289084,0.4871976405156194,0.6621802704876368,0.7194328098138996,0.4537811719275643,0.7369026359252815,0.6142133475389187,0.419643780267219,0.5389779701796934,0.5606008921066062,0.5247725673848922,0.5814963359350946,0.35500944183368355,0.4652220776530486,0.5977493609823038,0.22081897068696155,0.4201359426626047,0.6100619716064825,0.10141381529519944,0.3888415015324507,0.4483810188769176,0.5193512808650869,0.5264797541727633,0.4923010569038574,0.28495970670866033,0.4710334977287183,0.5176595324617874,0.13117684655735218,0.42779336518479183,0.5390405349835904,0.0,0.39756174690590024,0.35775297987593996,0.5228840505440542,0.518988332819837,0.40059507306063386,0.30837153420840985,0.46553194866571057,0.43162533365732036,0.17062629185935846,0.4322365858080203,0.46113781364826534,0.05024047859738534,0.4113281292791364,0.2630973640747185,0.5584857604063961,0.5040164097491046,0.29586645893074937,0.38548369343142247,0.45567820298099465,0.3274460436977512,0.27568103476474337,0.4330645797156103,0.360980259376543,0.17442483215239019,0.4197963955539034
1,0.98502,0.2800092035794107,0.999991583831599,0.6557358740619025,0.44489677783426596,1.0,0.5545514724714063,0.5842105405804817,0.9131106215468746,0.4971589990080133,0.6736969488964548,0.805329888124872,0.4490927813082691,0.7663933408993261,0.7201100492474234,0.3990048466131712,0.5468078757077427,0.5990578028151655,0.5217953973529667,0.6278910964926545,0.40441372400331166,0.4416514441417277,0.6749329131525598,0.2697170141830981,0.38465797195017454,0.7131794058926872,0.1422418047916813,0.3442641259380975,0.4452449076475297,0.5322706565581352,0.522778074168106,0.5054419800762191,0.294103432712591,0.4478346711175159,0.5459760301818064,0.14103301477422703,0.3941195461502534,0.5799262829236228,0.0,0.35583742734134377,0.34034656925593654,0.5263500247349763,0.5148766026081933,0.37706994948587197,0.3027118891644828,0.4427914426810232,0.4111387418199123,0.1539290810856458,0.4001041907796824,0.44526138336702653,0.01807971281180476,0.3725923425263369,0.2336066591006739,0.5617408687425788,0.4988683192440768,0.24521555091097175,0.3767572674327377,0.4324163397612689,0.260330418771422,0.25441149871132773,0.4004501808891154,0.280616950790806,0.13674861447044612,0.3809933368609717
1,0.982231,0.2843592231403733,1.0,0.6481842569805989,0.44902728557160465,0.9959168039900499,0.5514970436814624,0.5866262425413297,0.9046294093925201,0.4968695023432738,0.6741210590470584,0.7950497701009775,0.45103776969008336,0.764873847866796,0.7066859518321478,0.40321016001818216,0.5451545807829401,0.5936149760347167,0.5209028145290913,0.6228449640392412,0.39678885738389114,0.44408424046487244,0.6670178894009164,0.26268907989625595,0.3899505392531754,0.7025552701662883,0.13662165083526273,0.3518157430194011,0.4451342460846437,0.5298972113799018,0.5210491573350287,0.5089390677752927,0.29221503330270293,0.4490858133380997,0.5499583324064361,0.1395793084605464,0.3975493315204001,0.5830616811576347,0.0,0.3612573316698445,0.34132746507594,0.526249585748257,0.5125607398422827,0.37510630797741906,0.3022511908489865,0.4433328655198446,0.40688355205254967,0.1553208746943378,0.4020314854697522,0.43945935370453715,0.022397044538408073,0.3757110099116032,0.23512615213320398,0.5632849036682883,0.49636703494296086,0.24933741111055974,0.38001850657184366,0.4330448949626624,0.2667863932633683,0.2600937677714711,0.4025971423033231,0.2900262725442786,0.14544599725866592,0.3841120138695968
1,0.9324007,0.32616923772129996,1.0,0.9196157606442548,0.5480891600672925,0.9532310278279275,0.7761296220299998,0.6830790991076086,0.7752488227031351,0.6574036898885253,0.7526940885063911,0.6192658433281025,0.5588072018146266,0.854773741109897,0.4583434408052775,0.4445701835653624,0.5509030623672164,0.5732196895700192,0.5453619608775405,0.5450316945275105,0.3469279725448861,0.3726144199449626,0.5183251596980567,0.1876853781911883,0.25793446186324265,0.48923925441562355,0.043934139355025215,0.17241362115056036,0.4192625427465561,0.598175485033428,0.5277715830834954,0.3968004305604155,0.3425904359343705,0.3358721941114807,0.37101582239758535,0.17370933844538855,0.1948583359624254,0.3564098993116901,0.0,0.08038423935574524,0.3015259688682709,0.6617365459709291,0.5115010130363892,0.26979306874297393,0.4455095453891681,0.33541100716153294,0.2519871915968804,0.27928438740848716,0.21470055564197738,0.23672481951454083,0.13773586188291648,0.12346979830073268,0.1932114372216867,0.7568868557068038,0.4924652891159924,0.1633533389720504,0.5885512933628436,0.3409684172443892,0.1566264138832657,0.46496732334822444,0.24508884893541039,0.145226258890103,0.3498314109458376,0.16710232353721177
1,0.96623164,0.32292552494131677,1.0,0.8601380475001832,0.5501850500782598,0.9525808356232762,0.7164088188236949,0.6965493850584569,0.7716529351136194,0.6071400041522507,0.7676364254560233,0.6035703471767262,0.5183772868102838,0.8738486619707642,0.4479401361266865,0.4152998625831898,0.5595150750963497,0.5768596041355312,0.5218535098997533,0.5459729141819859,0.34435604274676446,0.36438336487637446,0.5168232019451906,0.1870284093810075,0.2591497738687478,0.4856320382664373,0.04706559706867358,0.18205966367282422,0.42540318923135534,0.6038314315258604,0.5116680642674831,0.3954686342501895,0.34108164103856964,0.34987504225167626,0.3666667851146761,0.1729834366667533,0.23464791476489927,0.34711360591711393,0.0,0.13986195249981676,0.3043432765449937,0.673623991033361,0.49937825727352714,0.263632633374173,0.44775563776678623,0.34814568572921506,0.24073342259325958,0.2843317035510651,0.2525828759603963,0.2225466346956787,0.13626452258314165,0.17882135743696664,0.19285829572141477,0.7769608397789312,0.4821554803197942,0.15536360951731004,0.6111478715547293,0.349252488865444,0.14099611534167916,0.49199606278816765,0.2723023187585173,0.12615133802923584,0.3754692177624884,0.20982100938684223
1,0.97823787,0.34866112945579664,1.0,0.7077049529245241,0.5164243921412072,0.9699572742434994,0.5850544869971077,0.6329620954981859,0.8381987496864022,0.5109381525748364,0.7044999476431275,0.6996455998152481,0.45163484977439206,0.7879940556772802,0.5769821798493426,0.38658861269692646,0.534702075153587,0.5784592657909939,0.5092464109513926,0.5499221467921802,0.3623829400396503,0.40688984948093876,0.5461424078449709,0.21634474373353446,0.33944321657502285,0.5392983114702476,0.08307427862386202,0.2922950470754759,0.42349637770645115,0.558242092332038,0.5148938510900974,0.4298007897829967,0.31215714587359256,0.4146709539793348,0.4318903424469271,0.15186034049731756,0.3478823049193187,0.43095286584730097,0.0,0.2995214198280749,0.31778586571320444,0.5911337515336965,0.5124817621018534,0.31624416756807683,0.367548768159346,0.41731400161254556,0.32213557124421144,0.21865729095122582,0.36224765155067296,0.32883612658684985,0.08423864749718035,0.3261940420109135,0.2189888594919187,0.6575224907809554,0.5022075972314484,0.2120059443227198,0.47790183937151365,0.41642127383597666,0.21876001835826087,0.35787867492213743,0.3702838505751487,0.2304325652101662,0.24564330480777008,0.3395899057655137
7,0.9945318,0.6753438562141639,1.0,0.5977858832867358,0.5100359418964056,0.9118020537982092,0.556148493772673,0.36792686206199376,0.7369782629090978,0.5321444179790155,0.27655134880492627,0.6190870461743866,0.5017320831701557,0.20287431086888763,0.5289799362433418,0.4752603838490424,0.47862670530810253,0.46730425225941474,0.5528743145134627,0.4333213517506561,0.25479009037088535,0.490208109263676,0.40276147202084195,0.12692245943633046,0.4563204798034118,0.3851036323729151,0.008165702864544044,0.43744310657316665,0.5956925188442588,0.43790968956912213,0.5275208001978715,0.5480953133238526,0.24591426129621807,0.45471945210585185,0.5058640127912544,0.12386138131061308,0.41472222246068824,0.4713720257182462,0.0,0.4022141167132642,0.7106957511625367,0.4779637735113014,0.49671606380362165,0.5906793600152391,0.604744079382429,0.4129205293931911,0.550106565270444,0.7648335177860203,0.4096008444180388,0.5411959463563489,0.8440233194582709,0.4343005254066177,0.7971256891311124,0.5689501823757526,0.4609522603645035,0.670721085009543,0.7207282711075231,0.4141947072622336,0.642201828976001,0.8304001031148027,0.42948370104027045,0.6472872765287496,0.8707032766040326,0.4556174826587451
7,0.9946161,0.7590306948868852,1.0,0.6105661276330263,0.5662017439663085,0.923215134172021,0.5765147303288818,0.42741550132282274,0.7588140489174451,0.5475481075594578,0.32746274499217104,0.6581047189676583,0.5079718157825559,0.222604476000216,0.5915694346957507,0.4718027796209016,0.5138982776307974,0.48728929323470654,0.566517246476093,0.4335490794233573,0.2633424896063927,0.5021959228772053,0.3834675503482533,0.12270827709086984,0.4651892311488969,0.34878232816802546,0.0,0.44100448815445814,0.6196468873170995,0.46695723773014414,0.535428840916188,0.5857029857999028,0.27992690729442254,0.45290692322815823,0.5485666270719723,0.14754805356082284,0.4087413814107618,0.5184841531234815,0.02246733437719345,0.38943387236697363,0.71179660925436,0.5127807623778413,0.4998726648187851,0.5616562280654392,0.6036744776199989,0.41453789280323516,0.550262809783489,0.7737909670104206,0.4262652900819998,0.5798305976999082,0.8537866475892231,0.45768373063596557,0.7773955239997841,0.6053860482695319,0.45884560431989196,0.6363507639976244,0.7348639382322769,0.4052968117330986,0.630225824739485,0.8465173316775552,0.4236659096489779,0.66678770044814,0.882390124723287,0.45133667864093296
7,0.998002,0.6139019455644319,1.0,0.6373396755326519,0.7102859839297178,0.8081414451325473,0.5837661978219584,0.7354414785286416,0.5748617268052011,0.5415583820496406,0.6763714040691097,0.3823077984982488,0.5174782377427004,0.6003477262183831,0.2987707564495179,0.4978696431955789,0.6536794392300032,0.6081129929503497,0.44407921938906797,0.6306002561223046,0.28684611905190904,0.37962931586777143,0.6098750598980316,0.12467157709287296,0.36280569589570877,0.5886045192097983,0.0,0.362660324467348,0.5182334907726913,0.648726014372631,0.4630700306245069,0.40046607729000405,0.3429591941594161,0.3956031885751308,0.3284216234214783,0.17753733789349446,0.38766091859262414,0.26455852147135833,0.06286556396576548,0.39411216454080494,0.41832709595054085,0.688299300103967,0.4920662735803371,0.4135259054090679,0.49680485680461717,0.4441432565483289,0.47270473277232544,0.5294976781057561,0.4685977326947422,0.5060393410337675,0.5998332894349911,0.5041864045262062,0.3487158895562914,0.7182071386011651,0.51885592538606,0.39615322151840776,0.5827844943375089,0.5021151126529645,0.43872168861397254,0.6237081066797521,0.5292513155927293,0.4608701522586734,0.6812340479009142,0.5619499876289279
7,0.99487436,0.8117122713935541,1.0,0.6228212945441035,0.6111078095192817,0.9375777373888412,0.5894247874770041,0.44365786837539023,0.7860322083006174,0.5601248445067688,0.3139272932466294,0.7141429612775942,0.51698653203555,0.18828772860644594,0.6785995536473322,0.4767420824180748,0.5122782495913555,0.48443556332347637,0.5861507714886672,0.39455211740666696,0.26609976563368554,0.5151801274676028,0.31788654606322136,0.12588554128414303,0.4731069060041186,0.26034149153453334,0.0022601731345092135,0.44608938114663504,0.6204956523591943,0.4444286290143149,0.5499919783454582,0.5499368824221496,0.2693367428952683,0.45605119968660635,0.48858679967862145,0.1337735353772248,0.4009870921143669,0.43436859013058216,0.0,0.3771787054558965,0.7270957260797135,0.474232243407007,0.509459304290892,0.5723762720811871,0.618024652454715,0.4127003165405868,0.583825564438126,0.7964494713676373,0.41847025894842427,0.6236223242430203,0.8754442110621654,0.45039096474629814,0.8087456220288392,0.5595206223948327,0.4633608334046267,0.668772446093501,0.7291781205731995,0.40567931039609895,0.6776590589777199,0.8508923502133416,0.42637704191744785,0.7215031999430644,0.887222245333365,0.45822989396372854
7,0.99947757,0.7856893921163779,0.981174847941606,0.725424181261586,0.595846665538638,0.7689511533492532,0.6449748437211238,0.4273635479077292,0.5685980971911002,0.5591470283183363,0.2572343862122659,0.5124725944937526,0.47914306338151014,0.1074573643019312,0.42570704131651776,0.40013587959424146,0.7073200165813008,0.3727033401075187,0.5321982880245847,0.6310189743332575,0.22545978294947283,0.4122894572191541,0.5415991863762029,0.10630143549473503,0.3314570585983316,0.4617654178859419,0.0,0.27457581873841397,0.8315289683912639,0.4788198775018517,0.502432264394427,0.7256433281369451,0.5369251427864306,0.37015293892434387,0.6859003383003878,0.5749914225320253,0.33219498240732626,0.68703245584002,0.5677242958268589,0.31792774891223263,0.8925426356980688,0.6585731206145328,0.46739222538724146,0.6423103856451248,0.8221635639262183,0.3630992116853,0.6031029689403661,0.8427190014275937,0.3839634515628957,0.6256239183461126,0.7993327072653589,0.4080413106196737,0.8903047373238372,0.8442477930382348,0.4233655749867972,0.6543803532509777,0.9929098343060476,0.34624412633814083,0.631714191190769,1.0,0.3653710005284224,0.6772956316786547,0.9467089400847176,0.38898850841229704
7,0.9925704,0.6668264346632548,1.0,0.5985428318272017,0.5174011128324011,0.894238381032869,0.5595181677693639,0.4104559395652788,0.7133002526560346,0.5286343578079329,0.3219154763741787,0.6090048552291389,0.4902709334920253,0.22692777619414206,0.544075737191939,0.4553727919403755,0.5343312768240835,0.46539949150501697,0.5536713002677659,0.4913107674121765,0.24833908512403358,0.5023466793757677,0.4652761229855904,0.11516204918691547,0.47546344408332436,0.4524918267973318,0.0,0.45668560621104354,0.6376836747916461,0.4673211145756585,0.5295026965123314,0.6466566763976098,0.2715307753192692,0.4601157315486849,0.6531375788222619,0.13211516688476765,0.4197683189424728,0.667005412361495,0.009700175017418822,0.40145716817279825,0.7197123857770023,0.5272020087124923,0.5012036460184014,0.5934057919607062,0.5617022248139847,0.4263167205657344,0.5434850924247812,0.7137502677167262,0.4326893274046779,0.5401719238713096,0.8024634651979885,0.4576681472548716,0.7730722238058579,0.6170393869071203,0.4675594807372714,0.6435273823330282,0.6967346547282094,0.419020762639939,0.6150182671714687,0.8036489782142395,0.432636090108835,0.6277069535222952,0.8550625867994399,0.45484782537780444
7,0.9935517,0.6538883333463769,1.0,0.6086517658657472,0.4757239984014513,0.9058913789704004,0.562917628774823,0.3730782135132904,0.7678852781290417,0.5117179464838492,0.3066505886127895,0.659009773312568,0.4489444424282767,0.34328668880028823,0.6043444322059593,0.3913482341342528,0.4466228134507319,0.46611528686652903,0.5716895092570534,0.3962397499881977,0.2489514888946056,0.5054574190864869,0.36236399902754113,0.11432778781008174,0.4675113348238856,0.34355037864549,0.0,0.4416840726263053,0.5602942167729967,0.4677212829893163,0.5431914840592104,0.5378506639455322,0.3176451550115082,0.45878262029988937,0.516641745094094,0.2065205235019728,0.4159378171104666,0.49889512818810366,0.0889229311202741,0.3991813625157374,0.6455061772091693,0.5335923695808202,0.5071704642611394,0.4799027692609085,0.6055254193728852,0.42686456763109315,0.4547956839185548,0.7601369117059358,0.4363248037325934,0.47913050766543475,0.8154996613308498,0.46503170041489805,0.6933494113872105,0.6408861140094413,0.46394101345046673,0.5381075374902836,0.7648007759474469,0.42504816556731934,0.5273297042003305,0.8570085327458861,0.44137176930497457,0.5632155064271402,0.8704806981305413,0.46412718365651845
7,0.9905028,0.7394989132142715,1.0,0.6006880989213157,0.7731987545796006,0.763118016426195,0.5807107195076027,0.7107006837073829,0.590080661163272,0.5466143286475913,0.5942755035942144,0.5560221857568952,0.515998156485054,0.49842740652785344,0.5883077883569221,0.48525246154586044,0.6761802674987201,0.5416465179987184,0.47858210635187853,0.6092705219826079,0.2654540720606654,0.4226309002489406,0.5627998372008627,0.11535284753258868,0.40310625483225077,0.5209692777870516,0.0,0.3993119010786843,0.5640540764701003,0.6182934156987782,0.475374391170579,0.4072506508290963,0.39203096123231806,0.41841600538771706,0.30539928308187303,0.2649805827383221,0.40298545031334987,0.22680124542039937,0.1776573232140301,0.40301656132647357,0.4812321500999647,0.7027494926525166,0.48043134812154575,0.4521899318602321,0.5948171641804103,0.4396373733694102,0.5118182304937622,0.6256603916208138,0.45203108761492966,0.5540466189257847,0.6800674993499582,0.47882821231339956,0.4216889605597043,0.7799595381851816,0.4852595218910772,0.44622473630004317,0.6893519495476654,0.4782504975975404,0.4933081225640934,0.7235095322534417,0.5058653625026028,0.5239506157285944,0.7695423531474441,0.5372429627131359
7,0.98096275,0.7559430403921443,1.0,0.5847088578770203,0.6537233388408707,0.8580434159849764,0.5842810417753737,0.5427018015723971,0.6974466632136047,0.5582145978121404,0.40823045282374626,0.6180724390674418,0.5221299410361332,0.3094289209374195,0.5843806335307752,0.4891727189762757,0.6228792966749328,0.45775680219452697,0.5520045050026597,0.48316729940651704,0.24049906391154757,0.501839563721593,0.40296766805464324,0.10971405174384452,0.4758327622504729,0.34210007176195867,0.0,0.459041657550354,0.6173089193169882,0.4930700518248661,0.5195568733281465,0.40995346323791115,0.36242104014329246,0.45579743106035286,0.31136873638186624,0.2654503786311406,0.4300254022369307,0.24405695960785562,0.16698472454114305,0.4170518962890797,0.592992032397052,0.5762302980146823,0.48708297746400814,0.37623749591275135,0.6460442667114215,0.43331468793054767,0.40552129420377503,0.7484079262240767,0.4404771661921721,0.4633497136755723,0.7711512585832221,0.4557718405433485,0.5535469722530072,0.6832777274608131,0.45209260239202914,0.397409877975734,0.791985954332773,0.4152911421229797,0.42299692262729793,0.8727928133870777,0.419740998454381,0.472866420033161,0.8782723308457783,0.4304248494094227
7,0.99451643,0.7759776468887489,1.0,0.679482806001354,0.6392525777152747,0.7604137372010548,0.650790493893955,0.45699454998482925,0.5837407037674973,0.5802236219424666,0.2978057949440777,0.5728573572365008,0.5111386140234249,0.2355900908460103,0.6447138189606003,0.43336054215897624,0.6341199986617454,0.4481274153254466,0.4930808851106742,0.4900217501867389,0.24813547325092655,0.4093617016838036,0.3851810401983102,0.11634286614907213,0.3666209074865039,0.29922782355521527,0.0,0.3307725459298724,0.6736514001222356,0.5804137034784591,0.4530625471181502,0.38631198956303414,0.5408066924088396,0.3435663884323943,0.2733661424607502,0.5999784885337407,0.32662169375544386,0.22402235311125113,0.6418264548260539,0.3205171939986459,0.6659338953706775,0.7611616688744614,0.41940582148811667,0.3442638175451388,0.8133615845857209,0.3349190496643393,0.38557701446583986,0.8670294981305702,0.3660843410555197,0.4774515639253066,0.8696832889186041,0.39619145289357954,0.6339497882975316,0.9379639130954511,0.38491326357688005,0.36673797516579315,0.9689824890097617,0.32377827992479574,0.4036931478081777,0.9926561061104544,0.3462202901500192,0.49638928618938133,0.9729754218186436,0.3697089876227503
7,0.9892945,0.8187586291594584,1.0,0.6387802549371664,0.6221235325853347,0.9755848853805585,0.6117673852692596,0.4849436341548649,0.8721843783845242,0.5714413462852178,0.3941758953819794,0.7947538595061906,0.51374056336525,0.3412626104693023,0.7004072373108682,0.463961649508708,0.4876499835876954,0.5329110408269709,0.6066804859637159,0.34092121660521824,0.34698495431671994,0.5345791290388963,0.25032036489849546,0.23080682949087195,0.49366375609560753,0.1812413708405416,0.13068220952499338,0.4656987989431521,0.5876451428169311,0.48076966462273585,0.5606298200141009,0.49805569844627695,0.26935094377848157,0.4547422783278184,0.42228008072134654,0.12128125341300483,0.39116680361479467,0.3633278595770093,0.0,0.36121974506283355,0.674259081935872,0.5036777158255404,0.5102072956163921,0.499118576323342,0.609524156716069,0.40595864524270403,0.5245846910026954,0.7948884747672582,0.41983893910737075,0.575842327729444,0.8746356909132009,0.45811735260152725,0.7361180066363382,0.5781232421390888,0.45409540418830646,0.594914815134102,0.753529168407875,0.3889293291464988,0.6154797241179003,0.8747323569219809,0.406336214156828,0.6600469375476327,0.9053345443228591,0.43679728711366794
7,0.9957132,1.0,0.9378008648810409,0.6544810341784032,0.6941725654413746,0.93407639005328,0.6611934552409919,0.49454203253329776,0.8162343714487477,0.6151905910055504,0.3399632499560544,0.7437182180344464,0.5490917088599366,0.16774785244591756,0.7165666546166964,0.48255341864326223,0.5392684742162738,0.31727659588272183,0.6129702631787765,0.30568236859568243,0.19151728048863814,0.5242359460917496,0.14026307322090437,0.10294695776096818,0.4686757456432312,0.0,0.0249185005025101,0.42344457628992127,0.618247007089478,0.2995126554086288,0.549819991187699,0.362508994393824,0.6193807720996488,0.4284731495200506,0.44482262518097765,0.7724960205699682,0.41302785682438037,0.5369899958213704,0.764763629661904,0.41396903688479514,0.6731480368246551,0.39759589914438453,0.48231724294293626,0.43226919863372393,0.7877846146547238,0.38131553509787847,0.5296482996870184,0.9133010383316786,0.43146268936189525,0.6167351176615732,0.8804107019144856,0.47511385873953493,0.7062301725443556,0.5598858854974383,0.4104320276279444,0.520989149147071,0.8764634073896257,0.33880654475900807,0.5904113730092966,0.9750814994974899,0.36647635658280653,0.6602277383557447,0.938232514685521,0.39909148837183783
7,0.9911599,0.8410238937981949,1.0,0.6268762909063745,0.7589038381985547,0.7771572734696182,0.6158654709451457,0.5946427929429172,0.6060702088809246,0.5733613096851794,0.39983744250150444,0.5569337311208564,0.5291133749511958,0.2635131988466852,0.5260274791345861,0.4825355736065923,0.6724436066102468,0.44619993025015137,0.5200909483572989,0.5033320798182196,0.237775535035798,0.4506873270082627,0.4045938724803474,0.11089702583186706,0.414532827452808,0.3255831310339953,0.0,0.3908042073059632,0.6567902418171732,0.5557174321072904,0.48908387537677916,0.4079307307244746,0.43623122363048417,0.4146371184944427,0.2628153211200812,0.39361570442568705,0.3902527921258294,0.1589761062018052,0.3495486814654264,0.3731237090936254,0.6244422704713455,0.6963381632853362,0.4624333994834828,0.37784720232264873,0.6907609059228058,0.3944867808721055,0.4273992514406196,0.7543306570608677,0.4180263877274932,0.5016253474408647,0.7761365106781133,0.4453205668917662,0.5825136310287617,0.841763867181604,0.43579617803347775,0.40647460023916404,0.8497829760309605,0.3874048123608703,0.4546631293167958,0.8958767342083263,0.40763547304727377,0.5207885039871034,0.8997688000341013,0.4313840222640746
7,0.99316305,0.794256679047434,1.0,0.622656109253692,0.5561147085609233,0.9315204200820406,0.6126520321631894,0.43049788343412726,0.7772303893736769,0.5727780470272713,0.32735719131515884,0.6680265601415467,0.5149627535492594,0.20574332095256598,0.588864879659146,0.4605605814025312,0.5426464041673287,0.4422839285395298,0.5954019457878017,0.4205990928430068,0.2628837532272977,0.5189420315615816,0.33044148417173236,0.14450904351588295,0.4701518496446472,0.25830504123787845,0.04630310979725305,0.43940582165339503,0.6076825364448855,0.44391775229541536,0.5451571830617099,0.4333171383170073,0.2794818350228324,0.454507418625226,0.3306836224867723,0.1372644886179647,0.40406671036632635,0.25043605750348236,0.0,0.37734389074630803,0.6454235346953043,0.5201764485588285,0.4916109741867622,0.3980733832545892,0.659579340352905,0.41303052992866274,0.4335845370802526,0.7980557009408454,0.43181369951369813,0.4999715131394071,0.8338484182670656,0.4626663761729574,0.6509831940900309,0.6479513501080022,0.43251038818371035,0.4532042721162503,0.8152225756324181,0.3834067721072686,0.4895322591268714,0.9040479120665699,0.40240286523663915,0.5552138312679179,0.903410971045467,0.42735306634836645
7,0.99091136,0.6856794788730087,1.0,0.5885049068198154,0.7104774659627892,0.781606391552322,0.5992866110743661,0.6604668219438634,0.6058783690374983,0.5755132861405544,0.5663102806869871,0.5458277696614733,0.5475802666633373,0.4815808889657569,0.537946628807928,0.5180338173456015,0.667520384617367,0.5370262783636356,0.5045529047822863,0.6392647713245236,0.2765415282775668,0.45217651093936356,0.6203097406245374,0.12012605545576266,0.4264966409484052,0.6074240515161382,0.0,0.4149840889980576,0.579726376622642,0.5908245360065664,0.485848006896039,0.45297923904170034,0.3640351028848977,0.434017751042269,0.35993413821645126,0.23305019090405138,0.4127017412438999,0.28952253403721084,0.13622171709978764,0.4007133889256339,0.4975811687178449,0.667695621116507,0.47708819624540466,0.4107001389691984,0.5309463025392265,0.44739140790767423,0.4508557849932968,0.5901960071783029,0.4739806352862961,0.48895426151222576,0.6516781178216889,0.5022362322689662,0.43217293846099947,0.7493757933675921,0.4695131891847308,0.3981389570636,0.6667108781090534,0.46482196750905885,0.4362618336013965,0.7117710584069253,0.4988898251358621,0.470618364980832,0.7515181672167218,0.5316568078262669
7,0.9912652,0.6440812238538312,1.0,0.727529793761165,0.7522951491695804,0.8061138577793525,0.6311725630746732,0.766456177222277,0.5576446122340641,0.562200951714894,0.6726699187326133,0.38493614878080784,0.5327383308734159,0.5721046263943363,0.3425963602900498,0.5124746910304486,0.6533345264561893,0.6356594291269908,0.3985731898722932,0.6196576261409993,0.31097623649952266,0.3145580558545668,0.5974676572004863,0.13842217866248913,0.2848762024671963,0.5697047262780673,0.0,0.272470206238835,0.5069093301199633,0.6695502148528075,0.44762334970440143,0.3821911600479587,0.33513402679568516,0.35338097868712914,0.3049183668163512,0.14223939083016562,0.33515382270707444,0.233543822777723,0.008929829260491573,0.330147316962853,0.40497819426901976,0.6889483367726309,0.5163072644029696,0.41536803708516057,0.4230850680473033,0.4824541353576634,0.47686848178542773,0.41489975651829014,0.5315516258393848,0.5125076862707635,0.46472984232034986,0.5726011959372671,0.3428267216793043,0.6938737474477349,0.578238276306184,0.41498878726518706,0.5056647135326131,0.5836213583027461,0.46421024437050573,0.5148956450814216,0.6262617389311067,0.49198239579472564,0.5532688039285989,0.6620430912446666
7,0.9862994,0.6339509773784507,1.0,0.5675849760699345,0.7031487003776737,0.7865121389051668,0.5510101301577146,0.6708815928550987,0.6037253403302094,0.5328656295126697,0.5729647749991078,0.5233284187681817,0.520239795909462,0.4834856813151488,0.5230210870798766,0.5089520106293033,0.6150012225605472,0.5387168275144183,0.47059110959488304,0.5924205358861654,0.26017932568522095,0.43514973107461513,0.570961314681778,0.11098554565935281,0.4297284909723472,0.5470617485282507,0.0,0.43578262838125387,0.49681351500552107,0.5725487860033468,0.47422807796844235,0.4015116367465481,0.3115622254131001,0.43727319204468473,0.3446801501673177,0.16282443460057294,0.4325390783997548,0.2968512996223263,0.061939574066008196,0.4411352943128364,0.4145190706841656,0.6294073374064124,0.485744218553751,0.43500608096176707,0.52361492115579,0.4648340716461526,0.48688762353466863,0.5608508119248145,0.476193494961092,0.5137103233331021,0.6239627970115659,0.500532839626184,0.36046677003483535,0.6884825509498625,0.49708311107708014,0.41012276153011246,0.6132699361946778,0.509581255345593,0.45041790608744936,0.6478485654117654,0.5391068305427515,0.47222578590477243,0.7052831730162645,0.5702715090276528
7,0.99733186,0.41873204153784765,0.9964580729305746,0.6518824024535748,0.5472505694469993,0.984829971496631,0.5550429240602408,0.6459561845441646,0.9027571358672579,0.4986402259954525,0.551327552819165,0.8809412962945979,0.44701775609428007,0.4406667425509751,0.856943692944036,0.3984629250960076,0.6149093425272029,0.5599918505287715,0.5445485018266419,0.6862099330401897,0.3717050790518489,0.45143068936985503,0.7200345543334346,0.260082857752706,0.4031666058625902,0.7376597638919083,0.15649160588279615,0.38103794581584044,0.4723239857172065,0.5008702419684462,0.5357918774591834,0.4363952831608584,0.2700224434135927,0.4243233578487541,0.4027583946117106,0.1396497849255282,0.3645641053127886,0.37255590039159536,0.0,0.35098157834014276,0.352432667511464,0.5350992798722985,0.5182314145684984,0.3372465900163223,0.6806712776274177,0.3775116181865975,0.389853701526875,0.8622805896030945,0.34811759754642524,0.43836881464214705,0.9297343671581344,0.3753036455509826,0.26234023610809165,0.6199307438802093,0.49508171047234617,0.26666505727197354,0.7833130765386758,0.4016253631905059,0.32927532103827717,0.9356822943386889,0.4062367959707649,0.38907979846422386,1.0,0.43957527217429093
7,0.9991702,0.5166915672391238,0.9767178955459049,0.6826547608195632,0.6551853954197757,0.9101600771848539,0.599625644834846,0.760021615330171,0.8204575988858274,0.5369797852159411,0.7063750690596408,0.843982826494569,0.4717683184192766,0.6121783419416094,0.8997390007534534,0.4052449260685414,0.6512328274807645,0.4356974551379646,0.5664531863801501,0.6947048462064379,0.22414875233806203,0.4692156939868321,0.7218419371455016,0.10830181486971113,0.4111719353485377,0.7294135313088019,0.0,0.37498543622023073,0.48821127796617,0.4546919965975216,0.5351211829228599,0.4021295906624099,0.2865886333385169,0.42305169880278826,0.32300670675257437,0.1973964852821215,0.3582783493775119,0.23997838466982901,0.094162677419174,0.331599943177477,0.3680441811452284,0.5697565176625546,0.4949018706811005,0.414556796454845,0.6745104161973587,0.35527195820751234,0.48881732108180875,0.7932419237332422,0.3173452391804368,0.5214024676481146,0.8086921822099044,0.3258964109987468,0.2967817947886936,0.7344362252254703,0.44869153728264366,0.3790939831898298,0.8858357197535383,0.3449310231404957,0.48664021655608475,0.9837396078346696,0.33433235365324054,0.5576388215565321,1.0,0.34966125817269444
7,0.9975607,0.3615910231829536,1.0,0.6232078189453851,0.4748742971426037,0.9583692988375545,0.5521877412985265,0.5583786376281401,0.8641252771755925,0.5131508811208865,0.48892626085193386,0.7818104264392753,0.4745991997353642,0.4063792004036777,0.7015791988484126,0.442040031980732,0.5799708286999395,0.5658602905407916,0.5559829255283117,0.6488226283576084,0.3819709355524086,0.4846492450684602,0.6918380914363362,0.27227492362640576,0.4500373884621695,0.7143220398049928,0.1659500206936655,0.4348893409102287,0.4684306036415667,0.5122222231822624,0.5432490489466576,0.46159506975219733,0.2850687067135896,0.45630696068075793,0.46145718398526303,0.14273862590028963,0.4121534720052476,0.4563860838915727,0.0,0.40391587747609403,0.36802434825034125,0.5381610200465025,0.5215105657563366,0.36022361399243163,0.6402432895353415,0.40664450359815296,0.38769290686813684,0.78678021829585,0.37679218105461487,0.4104541388339026,0.838653203831597,0.3960920482522605,0.2856779601950072,0.604588838323574,0.49522851253574274,0.29540923919602013,0.7473817544945,0.42237627956395096,0.3349527890654499,0.8615202082211886,0.4174513095820064,0.368882264131815,0.8935480117520436,0.43710238946877156
7,0.99867237,0.45769832866519244,1.0,0.6500360719951455,0.588701946008847,0.9606937668072408,0.548765827948218,0.695270488612114,0.8671184407177621,0.48724603010349826,0.6274749024761057,0.8221171043030834,0.4295044505902626,0.5095060121471929,0.8078423047867709,0.3744143435825509,0.6213285122137988,0.5157556844892532,0.5355055218705822,0.6659265178190056,0.29947566135337983,0.45089550787045674,0.6900107729633427,0.17738709014826037,0.405002576601705,0.6980204088999201,0.06059854188993957,0.3817371225344065,0.488277731034299,0.4976203224411956,0.5293604207542677,0.4243838741587248,0.2684068132225126,0.42899203654407164,0.37903412455384805,0.1360432327999993,0.37330797700615315,0.3348152997565233,0.0,0.3568816143143819,0.38143820994344085,0.5597996151469498,0.5148770911308101,0.38468595544195794,0.6395234972640025,0.38085364930008525,0.45167500887362155,0.8081310734890564,0.34996392800485454,0.4976732848557145,0.8842793802817386,0.3727267870212705,0.3019795911000799,0.66175387452828,0.49462765856990437,0.323382207722672,0.7715750184133019,0.40326760095367287,0.3973204885691425,0.8971679181409484,0.4025742982389892,0.4558052607469656,0.9581917922652959,0.4297376356145114
7,0.998679,0.39066139016270707,1.0,0.642590940601344,0.512591650026857,0.9743132195456093,0.5572705079153863,0.5988011472621189,0.8889568549855333,0.5072750102979134,0.5115080897393651,0.825018147157522,0.4607026800141415,0.407174792320233,0.765870603492276,0.4182947193299681,0.5979287467490438,0.579571530471889,0.5437140897199413,0.6596198809483551,0.3924496814515209,0.4607112915580144,0.6954681258842561,0.2780430797397505,0.41805994662360757,0.713677490997201,0.1686465877445541,0.39795903033961066,0.4758923171659134,0.5238409215846185,0.534255262336962,0.45359022735262267,0.2921360482372288,0.43602765765951734,0.440078832982449,0.14354539227351837,0.38401578080695403,0.4258754479772309,0.0,0.3706117358193051,0.37045218076534997,0.5549580865542736,0.5168033985078841,0.35600271794480587,0.6604305457359488,0.38912810836963546,0.38862977360683704,0.8189905383119329,0.35740905939865597,0.417165126943594,0.8913888493483145,0.37790785653506204,0.286322509002799,0.6306427829364027,0.49456949324744987,0.2913857035788633,0.7711246676297965,0.40460486152661174,0.3387905224257972,0.9008648506663919,0.3989299720807469,0.3811248327826926,0.9605888565835843,0.422100943077539
7,0.9953186,0.3886383183553804,0.9842549414664732,0.6694589211149956,0.5087095146693009,1.0,0.5537639705061126,0.5932082934138279,0.9414432995151394,0.484161191794029,0.4896938154616438,0.8836829476452512,0.422520295692446,0.379986324189863,0.8195652145125804,0.3641597856453106,0.6079601921697959,0.6092715768927474,0.5291848488599304,0.6740151662119098,0.4242637872095587,0.4262663909192539,0.7037066709218045,0.31392506013582455,0.3689492159092726,0.7194788758225845,0.20362539734667434,0.3400960621966096,0.4867824503370453,0.5403358601525097,0.5295181677648593,0.46363255802867054,0.2915549637794629,0.4103485639660893,0.43879992200385215,0.14474145071510813,0.3482380067438645,0.41917914020171737,0.0,0.3305410788850044,0.3787101966390149,0.5580871014367049,0.5201592404005927,0.3466337428682852,0.6352523056204236,0.37501005621513933,0.3712325311471459,0.8111786422976155,0.3471071081196556,0.40155717521523426,0.8938817054010015,0.3743240104079619,0.29163168537227935,0.6208357638160111,0.5042458930118415,0.2805211241774154,0.713607149691028,0.40859005043494945,0.3148851973507794,0.8469845351780504,0.41275825925804843,0.3513431410068389,0.9146355997460159,0.4443364158012168
7,0.99670637,0.4249380192983556,0.9950766991700232,0.6795550706440953,0.5529454860765957,1.0,0.5632256561285545,0.6365294668966943,0.935214320919067,0.4909175542862435,0.5318978511624975,0.8923097864393359,0.4256305874475641,0.4139501691783946,0.8424794843704378,0.3629760036984573,0.623162486072093,0.5874856131690721,0.5346889462006628,0.6745600565117144,0.3904139978366501,0.4261138429601059,0.6995904580545298,0.2677781052781789,0.36452943941049415,0.7087607964009284,0.14819639448612476,0.3324830008157226,0.4904140757671216,0.5347085002055633,0.5318863066782761,0.44125666002468145,0.29421108212867253,0.404354291541754,0.4026627196903285,0.1483145890345246,0.3388033785256681,0.36976138382350443,0.0,0.32044492935590474,0.37748801689116995,0.5701781213491739,0.5191195095444548,0.35618576580888883,0.6779651418732893,0.367502465249814,0.40782933677012484,0.8515188995247627,0.34015083967213267,0.4542064530586671,0.9249564195485644,0.3695308005960625,0.2912392035990716,0.6495262346870954,0.4991665379863061,0.29623723109224925,0.771573665596537,0.4006564257283278,0.34948829120642955,0.9003738584484771,0.40484226617729047,0.3961976943663889,0.9552389885109703,0.43710299192125807
7,0.9962367,0.5861473919601875,0.9693611730419978,0.6846374526070979,0.7172138576078742,0.898470228205456,0.5949792496895518,0.8151587383297753,0.7964694661005316,0.5311509961188615,0.7396837244840802,0.850915393730543,0.4671527346214121,0.6344150233286155,0.9239758919231078,0.40164965365841443,0.6927082593712871,0.47747530259352355,0.5515758247438696,0.6903015343870262,0.2496873870846094,0.4553160213211822,0.6726514289072867,0.11768239237831962,0.40225394823011307,0.6351553341033276,0.0,0.3704225325847143,0.5410874452286394,0.5091910169446062,0.5290676948357482,0.4049335741932023,0.3339344968450749,0.4002589206491729,0.29387117941654006,0.2554704301711501,0.3344060731695628,0.18484126167022474,0.1567265621178628,0.31536254739290215,0.43568812709953597,0.6168389292031349,0.5002300039544992,0.46702717740319455,0.7240142732942971,0.3527637488915507,0.5667397510299461,0.8638125995036061,0.33097157159091684,0.6207001917885167,0.8939983842744461,0.3595315719696025,0.3763599154899798,0.751667992066535,0.46526598747614983,0.4259179873329641,0.8884904799998739,0.36303049449051306,0.535647290188412,0.9831185081046624,0.3677855637505455,0.613142256824626,1.0,0.39913965300360377
7,0.99675465,0.4213135418194983,1.0,0.6260042186545163,0.5288000424301524,0.9545374753079285,0.542078843196943,0.5947801544492137,0.8492494446175536,0.4987614084397879,0.5044945839582317,0.7695085740903387,0.45859080759193427,0.41852041561948455,0.6906333132616421,0.42564685329774055,0.5948874548855352,0.5502168924467699,0.5453759175341665,0.6455420524029677,0.3497652649823549,0.46807408717176047,0.6746201103356911,0.2301469691698247,0.4304609244852746,0.6826303869647192,0.12129186554599564,0.4144035835356521,0.48382235140871277,0.5175887682313458,0.5392964812700491,0.4475790888528322,0.2896172091163719,0.4444470931779907,0.4303195002004767,0.14527009011507164,0.39725599737030304,0.411533852891318,0.0,0.3886806999917197,0.3910045194453756,0.5587506280210225,0.5233024108261957,0.3810400633454503,0.6586080604030116,0.4024780300052011,0.427524212138079,0.8040114653650909,0.3739957813454837,0.4632938106456445,0.8548185462426687,0.39679476403069547,0.3173696130352807,0.6348757116490658,0.5019509211156518,0.33036471194913225,0.7615778539970386,0.42580787601430226,0.3789747281169804,0.8671479356664344,0.4232676877132061,0.4172876496260987,0.8963810711941638,0.44663698771081367
7,0.99144584,0.3742806250903566,1.0,0.5986629068621412,0.48455011279231214,0.9462029770623808,0.5080185629430705,0.54155810236141,0.8034070915949951,0.47595744198934126,0.46692430231067394,0.6773576593754006,0.4492025293181411,0.40651508580126183,0.5601316683169533,0.43160662175600983,0.5762348507786352,0.5374661418482664,0.5488838092040121,0.6372816098067937,0.3453734693933219,0.49131545528983256,0.6715175544117206,0.2290429974659236,0.46386257199373293,0.6878402522619836,0.1264817800181668,0.4524183717962441,0.4785952379003991,0.49968508168236486,0.5503311642106542,0.48265828430209246,0.26147521978816324,0.4801023207819316,0.4907753755424806,0.12263818081139544,0.4470752110747006,0.4921551378466625,0.0,0.44464294783626557,0.38967118381464416,0.529522671663898,0.5377265508755206,0.3799646347684007,0.5429236803845031,0.42990532634926193,0.4036308349904393,0.6866804145083374,0.40133709313785887,0.4241899957174382,0.7482115530969469,0.42045286687675354,0.31215974773801636,0.5927541509480283,0.5185594614081677,0.32165271424401876,0.6700613470157091,0.44037876423711336,0.35624807352913096,0.7800664479014083,0.4265983600942122,0.38662865552109504,0.8135491253481286,0.439794856031234
7,0.99806947,0.473559453311144,1.0,0.6307593016942646,0.5927085504860098,0.9517823891682184,0.5453284602286687,0.6815319451462034,0.8408161937302208,0.5004790898389304,0.68371510246073,0.7571800244270996,0.4558769422504882,0.6234372000348622,0.6835651198918329,0.41376284905650945,0.628970839119164,0.507618746444585,0.5605127645141877,0.6600397190647977,0.3318129701539473,0.48970481135998256,0.665589110919526,0.2267626025107855,0.44900221976424753,0.6610387685985747,0.12719905730710657,0.426712012805233,0.516107612622003,0.4821905360888609,0.550349195732881,0.5040748515706248,0.2641844128250518,0.4686729581540141,0.4912425270034874,0.12480250148105487,0.4226067782626758,0.4761801916714661,0.0,0.4059839801172038,0.4173126406707677,0.5348212781945146,0.5294068627976364,0.3704288257443258,0.5100140508823318,0.4035494777810827,0.40729719117797747,0.679609113404636,0.36924069830573536,0.44743278425358957,0.7943390431973354,0.3836132610429839,0.33142875713880227,0.6380672911241531,0.503363917138511,0.31628489753927,0.7077479780509436,0.39395996038119085,0.37299155857616156,0.838084192227377,0.3711209644421667,0.4311745265629987,0.9219342753195604,0.3819061465618595
26,0.99827415,0.8751045795263933,1.0,0.5429893204359617,0.5277116260010423,0.8846275048425511,0.522389433767256,0.2837081527573766,0.6170620413948493,0.5051190384370055,0.1691492236517269,0.3786248364356878,0.46265528867191574,0.12489542047360669,0.1439238749587387,0.4467921457829557,0.4313948330574683,0.06406209140097846,0.6590326937827916,0.20852088229766813,0.09747528905350866,0.5140195955439426,0.2716141517096173,0.37371176541962686,0.44799613531184684,0.35021031879593223,0.4574669189502903,0.4289929566803512,0.5597888743720084,0.010928895648930514,0.6075994297368368,0.3176911209940071,0.15277870093055046,0.45288703247542683,0.4208486526465775,0.49119561661984257,0.444001061788496,0.5181972428790212,0.4667347631262036,0.48361618855528055,0.706151951043376,0.0,0.5232480236511533,0.46488671865890796,0.19565714850086985,0.36149826718162587,0.5692129721136643,0.5107612317070783,0.4198726602026159,0.6687987442849915,0.4683520436482427,0.5053955997661559,0.8606047973211679,0.03700116859709862,0.4319629591133177,0.6283942907216682,0.17516398830430213,0.3409673062172084,0.6847079261710007,0.4060154754628903,0.38533931278609335,0.7798769475111476,0.3866147184873158,0.4507437523202657
26,0.9992012,0.7092393663182817,1.0,0.6508302187644095,0.4317818863633003,0.8394220878969432,0.5507633505724187,0.251210931530473,0.5645175360289505,0.4830940717322723,0.1565061086161484,0.35809944352554846,0.4232760688632021,0.14393372546388766,0.20753937898540026,0.39003602782259505,0.5024999876758152,0.0,0.5895105339603606,0.24576771419379578,0.19821961611557554,0.4650942515582034,0.2803116539849019,0.40861295479724785,0.3929075360863361,0.3608595250837884,0.38137350574617795,0.3491697812355905,0.6458688368091464,0.03850246794479539,0.5764285926526296,0.3470995191853264,0.3522965743267298,0.46122389490915566,0.3902433822878531,0.5540854886903636,0.4436826013884404,0.47580451742457547,0.4907166738504161,0.44755185957753973,0.7652308169777112,0.1772538201222002,0.5407315646244327,0.47487602405938073,0.5052349921971835,0.44183370575328085,0.5117540572823822,0.6808987781481701,0.48401688525578246,0.5958939459960653,0.6299450255625025,0.5254035473371379,0.8560662745361123,0.36551067242252533,0.48836977392681313,0.6175264268030228,0.6393632747438016,0.4184260466903862,0.6440433571250828,0.7601465013354058,0.4320356573468837,0.7270404188250958,0.7225813144353926,0.460277410913342
26,0.998336,0.5598880807677576,0.8166234918087312,0.7709456587656277,0.3774876433700038,0.6224198317584295,0.5792595456200718,0.19564317491258293,0.41885015458723557,0.43347966853982467,0.10192808307114537,0.3080826162058081,0.3205655890004039,0.21953651904424165,0.40180713472297563,0.23334834572515867,0.596149223457094,0.0,0.5026594801251681,0.30235806244107044,0.3252881437625429,0.3673150611577949,0.2963428186867042,0.39607551095144056,0.286752410548719,0.3821858165827112,0.3087396145186381,0.2290543412343723,0.7558602671560888,0.2160245700155069,0.5265685524603545,0.3743049107447504,0.6406387269561326,0.4215629927709512,0.40572299631396486,0.6197414262847278,0.41036128424745344,0.5210122651297633,0.4716649497138082,0.4020422685317505,0.8545266179608092,0.48410385819492685,0.5343234021263941,0.47869489313940883,0.8522503831636292,0.4493168680056191,0.5035731199571127,0.8022607217677722,0.525338422509531,0.6047443024454642,0.6702874664763845,0.5853770483133345,0.8980719169288547,0.7441423969044436,0.5155193614023352,0.5851234966245329,1.0,0.43094509671890446,0.6215194817623539,0.954485550443064,0.4518168838875184,0.7348340669404638,0.831035239577939,0.48695212799436033
26,0.94554514,0.803794748367352,0.9030110715253613,0.7061797174032942,0.7480064992848251,0.477623103326874,0.6506643893618355,0.5775106171823666,0.12532279864528767,0.571589873365332,0.3623617787965202,0.0,0.5034495882672636,0.19620525163264807,0.13263588658538622,0.434756043817614,0.7513443021009258,0.28400941222748305,0.4645326522696038,0.30193156755151673,0.20050211095188458,0.35940552458356856,0.3585740506094496,0.2778959972295737,0.31521389786278403,0.4671320633241389,0.30703176213823746,0.2938202825967058,0.7209153258698542,0.5549624415553185,0.4382737687644537,0.2703671659925949,0.43592688179725836,0.35516907146675253,0.3475865561338801,0.4678033020392711,0.3648810971412132,0.45290577842467156,0.5087980817525443,0.3585776282886295,0.6538673222420247,0.7941556374928718,0.4168761440246853,0.24088519383476437,0.6543355423372571,0.3492567303739592,0.3201995940011743,0.6833562569589577,0.4022418291529856,0.4393327256219678,0.7301175721738876,0.43237129529852636,0.562140743954722,1.0,0.3923279852998497,0.24809043413524728,0.8584078615263198,0.34356385394584227,0.3215871119861847,0.8862730794428955,0.3857856526524005,0.4346775105883718,0.9457043315184583,0.41362102760013325
26,0.99863225,0.6379923698079194,1.0,0.6149190087170038,0.3847643799854,0.7659904887333556,0.5610801516394887,0.27051369761643007,0.44096763192640465,0.5213284493389244,0.21603090765599847,0.20240708337971397,0.473867685033565,0.1665866209405456,0.01541859954165481,0.44992670406068425,0.5413721755219336,0.0,0.6205424446696947,0.2786232260178627,0.009782671684533117,0.495754680167035,0.27067347639005446,0.2547485459402017,0.43362718462687433,0.3359888086069167,0.3242589829440068,0.4032458709681135,0.6719173744668309,0.029890825133857712,0.5875614379284478,0.35421922273098505,0.16145337607441584,0.4694022435251033,0.36460619795724974,0.4374816822443154,0.4658556732760152,0.455684267971412,0.44856207441834484,0.48526732207622564,0.770343391996011,0.14781297983139535,0.5296706692591372,0.44793942706437717,0.3234666553268555,0.4148078142698913,0.4591900206326197,0.5681458032901294,0.46388677510543525,0.5471062844650006,0.5763067152110644,0.5172113904377772,0.8334133790594545,0.30804294870111215,0.45978728483411774,0.5654461361052501,0.46709682906360256,0.37945755533030534,0.5626051381851883,0.6315315957574097,0.396011881780957,0.6395192837241608,0.6394152659706858,0.42901917469703527
26,0.9975506,0.9686058094635015,1.0,0.5249913400518893,0.5790190843489665,0.9581416067607667,0.48954239899030527,0.26034413595590933,0.691413031982722,0.47661077436524185,0.09188725936870079,0.4127587501031875,0.43735853750394615,0.031394190536498556,0.14663268489817471,0.42880880929919263,0.36730705781480893,0.17576901399684203,0.642212542339847,0.16520670073986438,0.11156356838635301,0.4955668333150475,0.27914443904367525,0.4181593141333792,0.4375516761739838,0.36882618897727926,0.46827086214122066,0.4227985323505047,0.5185927412431715,0.09837851210069731,0.5978274726562984,0.3093638084407253,0.10994118377768358,0.44137577074148104,0.4437230476197509,0.4733267205413171,0.44747543840516546,0.5329266404704454,0.42506292130504975,0.49939670127327457,0.6920305746245491,0.034922346287530937,0.5164502100846639,0.4905457821560638,0.08713826018866239,0.3596633934357182,0.6085192400862846,0.4375846763973699,0.4416170086382123,0.6956625112978787,0.38790196645726743,0.5436020582018445,0.8846028672018263,0.0,0.42583986063026535,0.6926812163915308,0.05027308756287846,0.35778745766015296,0.7486255950919404,0.29648402894683334,0.42507368511417615,0.8343314939362667,0.2682429586556322,0.501353730317559
26,0.9529673,0.7585520583273554,0.47999052107253,0.7574159429537946,0.5301505112563373,0.24127198686263257,0.6461347219357211,0.3457363353782995,0.13478604405438044,0.5187309861910007,0.17369224860262372,0.15930322782775247,0.40446503393488503,0.06511060190967549,0.29361732247368943,0.29152900493540224,0.6564175023780525,0.0,0.4761007746391791,0.2621136455063072,0.3077565007314439,0.3512882952051456,0.28440554455129197,0.3368014699437899,0.28358635377790586,0.3880941830848628,0.2513715266953179,0.2425840570462054,0.7913979176979697,0.26797074401814663,0.4488823905344884,0.3266449056644801,0.5960863035045183,0.35402926842384724,0.4041553292673645,0.5547841846580275,0.3511464829504811,0.5198437308277487,0.4398814779050239,0.3365142207374311,0.8820763288859442,0.5398619742129683,0.4187817479333216,0.43483381589624126,0.8310015068210779,0.34442028860451046,0.5198308614973821,0.7673036467466443,0.40363687588441993,0.6330947255937033,0.6648438073780758,0.43899663690539276,0.9348893980903246,0.789448657917445,0.373900069222367,0.5897184257081294,1.0,0.31959299279917996,0.6403829823963092,0.9272463471626122,0.3597175124458769,0.7445111751274008,0.8131073686013635,0.3899006685337691
26,0.99778336,0.6100669293740362,0.6184620329886034,0.8417279879664878,0.6368344228129389,0.23881603735057533,0.7304048140339958,0.504950134849829,0.023477875082058064,0.6118606216564819,0.33806893666749965,0.0,0.5317049540621717,0.1685776894925362,0.031919897965284605,0.4833499355143666,0.8314223105074638,0.2223596358902612,0.30644534255371614,0.32952658964610304,0.17490591318577375,0.1679512139478994,0.4208645224864902,0.1467924548951795,0.21083426012112133,0.57272527177201,0.16773932424497978,0.274126377461044,0.8231410089203359,0.5340351158804598,0.3251891343643074,0.24367810990134386,0.4169294855074182,0.1582720120335122,0.3406617582828723,0.39207868979513,0.2511998291201114,0.48944346856419135,0.42741609405904774,0.33525027736633395,0.7315979689530234,0.7983192970743658,0.35720854576765565,0.21203607939753633,0.63873966940055,0.2670616833898763,0.3017246428714025,0.6119735946868337,0.40887213278729306,0.42444761428186056,0.6448788986314774,0.5122329762153628,0.6238307931058874,1.0,0.3838252489867634,0.2331377924676637,0.833023949905219,0.3803104586753593,0.2972167449296282,0.8136705116145964,0.4736579144045465,0.4227416985829165,0.8610202620304349,0.5261332655744982
26,0.99952847,0.7073231964629324,1.0,0.6936869510185935,0.43014364657969123,0.9013596030971314,0.5501000231341366,0.20063748433958095,0.6310096031581659,0.4712031218931438,0.09770534934280156,0.3997360870985816,0.4076908149094615,0.15642129060163273,0.2059159458160691,0.37766238100019367,0.3766276358229822,0.037180449123932036,0.5847162375831035,0.26075111418362984,0.22865564737395272,0.4205596205754103,0.27527669961576784,0.49295784677020005,0.3460625138111265,0.2992072847447682,0.49777977066514106,0.3063130489814065,0.5644932575258511,0.0,0.5834294790853807,0.4287848165854163,0.34847428151279136,0.41248812158186815,0.4280261585454924,0.6245930528977319,0.3903715816159091,0.4554985719976449,0.5736109884771053,0.40577624094406645,0.7453791845717966,0.08516267101340358,0.553049079928307,0.6095537609622933,0.49180185455168374,0.400394631270678,0.5951339685526171,0.7150407974515275,0.449803304223349,0.6171909999434414,0.6293425492619106,0.509366632333491,0.9022946506571985,0.22529061546718404,0.503185878444275,0.7798585547289685,0.5840808356346706,0.40316368734057295,0.7635114982774047,0.7435035963524194,0.41644376338134237,0.7857449191883722,0.6680965678709032,0.44982563265453207
26,0.9984366,0.7505964896463565,0.9790161131808023,0.6895399108544109,0.4974303272544876,0.831874129504351,0.5535132633041085,0.31038999278380797,0.554949808647481,0.48007734028087823,0.16194179606261377,0.35553712153004735,0.4225970121856345,0.0,0.21974919171136092,0.3857276642582057,0.5610022242471924,0.020983886819197717,0.5861672142497445,0.3906557289659809,0.289385355387619,0.4528418949323526,0.39650417176039665,0.4873188483572877,0.365874862769316,0.4545308348207562,0.44705539473858386,0.3104600891455891,0.7368758861480239,0.05808251967816569,0.5898167555188856,0.5330082648117082,0.4309177067893384,0.4735056683246033,0.5127794932780653,0.604345304985183,0.4374388623786328,0.5556421355492087,0.5312682126562063,0.4213727281431502,0.8865154522033714,0.20434448211747475,0.5707875484556754,0.6700137705122137,0.5760869545773447,0.45631444138234034,0.647144488056433,0.7206115034043468,0.477600620281651,0.6914814945996623,0.6486451035972556,0.504697273786012,1.0,0.38369404454862666,0.5348336743945048,0.8072037059099433,0.6942466431469609,0.4536173135841876,0.7888451695697798,0.7897429450721494,0.45915724806960734,0.8340587091066054,0.721920041944787,0.4786780626871724
26,0.95744926,0.6521439269828317,0.7707218602685668,0.6817371274262853,0.5283564709571814,0.5277532791353797,0.6019072760017322,0.4421968010148616,0.3339192877977418,0.5188322051353697,0.3785862322056677,0.18190793807378708,0.45103488466753716,0.3406038887200631,0.0,0.3900373546304585,0.6545031080690684,0.3613120400835889,0.4402623923802712,0.3145668256714552,0.4632331331532411,0.3506878688983398,0.33881680280014276,0.5035827095376635,0.3262082068745612,0.435896396494574,0.4721324684205828,0.31826287257371466,0.6843074476351063,0.5773754894773222,0.424970577339291,0.3121243499723115,0.6693868836250704,0.36572157475757444,0.36946547209234815,0.6645849491909802,0.39899808496873046,0.4664117944061281,0.6294175471485686,0.4097101886616388,0.6878756500276886,0.7785919517690874,0.40717006738190586,0.335397836589019,0.8526107377584337,0.36251955630698474,0.3900899123699025,0.8236807139792099,0.43799282241508697,0.4797321300778652,0.7964272719334498,0.4786974420870256,0.673976139147538,0.9563847194922027,0.37820632663749915,0.3930446499384245,1.0,0.32991912070392415,0.44527939581419584,0.9615319100967925,0.35856351337305414,0.5464339007963936,0.9284858830207681,0.3802830348677149
26,0.9995193,0.7650854612525085,1.0,0.7906927907972703,0.4937476390864448,0.9485027098960332,0.5759359315552229,0.26144026163249473,0.761291504987573,0.44676751276403104,0.12279031218531761,0.6157150551702861,0.35180915138822044,0.03984010442492475,0.49851864447161864,0.2906545921141447,0.38083146920859634,0.02940412832780631,0.5593653220398885,0.26312576300144275,0.3721337363983379,0.36848468473831986,0.28706163371654375,0.5982082002482332,0.26654822653119886,0.3256878594824979,0.5455711552618209,0.20930720920272972,0.5984857571367044,0.0,0.5877446866117779,0.4779069400422139,0.5055687523481862,0.41159809717095425,0.4641111612283776,0.6910180921069378,0.3807025332957062,0.480982873131251,0.5599656261168203,0.38301108675188,0.8010126855512599,0.11090098061276332,0.5861125126163944,0.6686451334380705,0.6338356712529056,0.43198956845664543,0.6481802511044747,0.7701900236320447,0.476833944162374,0.6747951668854064,0.6446434880531411,0.5304909038046249,0.9601598955750752,0.27261401367013494,0.5582275780703363,0.8378823407229716,0.7170206721845438,0.4431008040124363,0.8132716178226955,0.8081998409596993,0.4464146866423234,0.8306068069655986,0.691905133784253,0.4758785314466845
26,0.99895513,0.8579311380080878,1.0,0.7336894311552047,0.594547921909663,0.9591692071481391,0.5814913476929446,0.35980279953334393,0.822468602469892,0.4762069615290146,0.18069029230480943,0.773987148824192,0.3867135986837828,0.016538181774219896,0.8041277702665943,0.3218749033058136,0.37664634281488707,0.06561192189354359,0.5839763264455867,0.27952707753623335,0.35945028883914265,0.41504081504817747,0.33532793871411676,0.5959205878737933,0.3187330346263736,0.37399087643084683,0.5547629745898122,0.26631056884479526,0.5865063661476898,0.0,0.5802810844836164,0.5079969252282404,0.45235655262876867,0.4339923702661216,0.5224308226727141,0.6900416484484089,0.4032022133641053,0.5280953743423796,0.5909467516426656,0.40282272789471896,0.7997016907214833,0.0766224659830706,0.551027444526091,0.7184573954708572,0.5510426216559843,0.41933418675906836,0.7082504024807725,0.7465987100466052,0.4539146899658175,0.7130374553946528,0.6549481459690467,0.4990505158926315,0.9834618182257802,0.21014513486883862,0.5020079939753118,0.9077176569675014,0.6043153595528484,0.4278353967200393,0.8754091803899682,0.7497931682037167,0.45114198027786856,0.8679640416927767,0.6918236459216961,0.4887965752079206
26,0.9891757,0.6409479221507655,0.690450021395319,0.8358897173748674,0.448836732203358,0.6076090672344966,0.6139925056965617,0.27893834236734705,0.5476159278175914,0.44185036978661135,0.1397815447967914,0.5914710513902264,0.3080390772824829,0.0038025583638487404,0.6380324676899392,0.19321349020196998,0.6027856353314553,0.0,0.4778986465442544,0.4148377319553757,0.5459649288869662,0.32926879768829775,0.3477178391588315,0.6018589285756193,0.23792975580744968,0.38218112174053853,0.4529224754110287,0.16411028262513266,0.7959327576806066,0.16290560166218554,0.5062662677993891,0.5498566670082616,0.7570596729919105,0.38743888578068797,0.48670057974665126,0.7113562207183352,0.3739492740490127,0.5441098530333243,0.5133179015846617,0.35337642318338225,0.9250055932918048,0.39833194739645955,0.5218472524064937,0.6715039188245169,0.9211695925189136,0.43148742773076765,0.610763703369352,0.8363234628030449,0.5072143894311909,0.6654647282325119,0.6576864345854745,0.5545002201367202,0.9961974416361512,0.6290849609290966,0.5082727634495291,0.7897447385898804,1.0,0.42553780803549646,0.7459226662870008,0.9253240784562827,0.4472292683696702,0.7958932526126148,0.7758728859899383,0.4715992505415415
26,0.9862373,1.0,0.8708918941453723,0.7544347035286555,0.7548213537838151,0.8561568517707447,0.6743215882146414,0.4542051175401153,0.7578653499848098,0.5800160771171179,0.21752046853122053,0.7022369471483979,0.49353174082655343,0.0,0.7149620818242893,0.42005980065993004,0.3984553842084431,0.6469704273689396,0.5096637850153881,0.32652988074918227,0.18836223957310066,0.35063855958121953,0.4268100142702297,0.21468386505672155,0.27871185815103394,0.4784301980677208,0.3578707168945527,0.2455652964713445,0.5603433288832707,0.6369440815923622,0.4735283098378249,0.5307488468331878,0.12910810585462767,0.3588113328647428,0.6108900348944971,0.21337625583292041,0.36570984843501053,0.6167729346741663,0.3998579685671597,0.36378346326914907,0.7448923790840027,0.6117794085090438,0.4294132701274847,0.7183112251792404,0.18060187976013747,0.3427444582942154,0.7824444548801023,0.2789483923709378,0.4145917582115075,0.7815364887568033,0.45113706608295134,0.45403372897910016,0.9232311480107454,0.5825011907830993,0.37794386295058463,0.886067406469618,0.2602717381408066,0.323356017659425,0.935672603171652,0.351138695323409,0.37706388142808817,0.9404554781293636,0.5089175997262876,0.41240915102425696
26,0.99891925,1.0,0.9425434513846034,0.6542193761040072,0.6604069703843288,0.9521678737355703,0.5648829472370385,0.3853233286619182,0.7615838367660323,0.5065058688356944,0.18887632170433039,0.6212023768490444,0.44939647722731724,0.0,0.5625441944079239,0.4166495174310707,0.45441242334992066,0.1167363939014297,0.619332363731537,0.2341238619875461,0.34779807102890153,0.4722809376169504,0.3574764657682964,0.5654254737289657,0.38817807635797996,0.4601207000105262,0.5805963587729382,0.3457806238959928,0.5959587787173354,0.04783212626442962,0.5994341121324889,0.38904370834683505,0.4186048911574033,0.4717239152209891,0.5189370845003272,0.6596810778791637,0.4588435672590402,0.6051095237014119,0.6130966116072627,0.47131367862998014,0.7520394958173979,0.09055070411779398,0.5523865333565372,0.5670845828852834,0.48866476645332263,0.42834754243380546,0.6683981861975162,0.7046979713399394,0.47966362249044037,0.7433128933121709,0.6489031118229458,0.5365121690542671,0.8954017176222429,0.19909526590947085,0.4910141679933949,0.7486981612236768,0.5358620205693623,0.41066877308681976,0.8098233874845977,0.6892672345291193,0.4375846896783241,0.8789243499061933,0.6388367969915811,0.4791838564602282
26,0.9994989,0.4166827293982058,0.8169779948240868,0.8403966353549372,0.6553373126466572,0.6946187668349215,0.6631162545597657,0.8642872190878774,0.5533384073881256,0.5182071177479698,0.9258795716007606,0.5373464108135841,0.3967789682029371,0.7974761587801897,0.7001240691278662,0.28872898145395376,0.5150646906618529,0.0,0.5290940540374588,0.6887026417623003,0.5136968827572678,0.34893878961129854,0.7235642511619397,0.6269763349102515,0.23644711865337736,0.6859097895776274,0.5393005821016018,0.1596033646450627,0.3034509054547032,0.15055253438662414,0.5299974279537991,0.5680746520311309,0.7273791941118329,0.40020044791237674,0.6099791060703803,0.7564781438390789,0.3760194939617818,0.5525677794219728,0.5960917988938937,0.34626872153596866,0.16182294260282032,0.3825247855315874,0.5161110933830755,0.4520987830285128,0.8965982140836144,0.421491849087143,0.4828235759165365,0.8728227777903529,0.4704235566008939,0.41020210983536676,0.6992896323290855,0.49626631065259263,0.07412042839923944,0.6269923681688887,0.4759497846541922,0.3179673706681908,1.0,0.39762077322719447,0.3766901235598361,0.9789412579128847,0.4063721619903323,0.34191929069806926,0.8342267159359273,0.41642849295828843
26,0.9977495,0.35307867100062856,0.6269446662566063,0.9170741479229245,0.4694833562344457,0.3500219755315709,0.7150756656005961,0.6422968609629013,0.12829068509526048,0.5340153588238582,0.8285391404271527,0.040266971154695685,0.37719799358210915,0.9111820045218828,0.21752200147588063,0.23087622355751952,0.13837800803235828,0.0,0.48914982888258207,0.6820420008924842,0.17569332311267766,0.27017988950251365,0.777371071505603,0.25952611946891857,0.15562019529196536,0.6996075607608723,0.25427050350753044,0.08292585207707548,0.08881799547811714,0.3471867533122469,0.4878363806706499,0.7206439083181384,0.48659941340616814,0.32717119381131654,0.7247791508160958,0.479872404482167,0.3348958666255225,0.5907957231997384,0.4363131705376979,0.3281241914168671,0.1259145018594357,0.6844591340658884,0.47127896759600796,0.7066536145752608,0.7630361742212289,0.35057464409598876,0.6708271873367087,0.7187976200793812,0.4454467442584142,0.5176223919307307,0.6530889575688527,0.511559191384612,0.20342004202136743,0.9708714118668993,0.42388695272164434,0.6484149499246774,1.0,0.31013048031755486,0.6248021220482037,0.9170230853870709,0.32874103491153484,0.49665013383056655,0.8421559412890087,0.35678550149512356
26,0.9918876,0.4735124298975394,1.0,0.795435783930774,0.6967220712031896,0.8266266002861661,0.6130953800931249,0.8606462348488231,0.6225427428241159,0.46950270681346923,0.9072123596482367,0.4528031586342032,0.34029826254654066,0.7805723673545146,0.42568211133222283,0.2326663453984274,0.5157640962626902,0.0,0.5775973090121079,0.6723111433250241,0.24515961158479138,0.3791302680349143,0.7346899397829555,0.4747275196357374,0.26677426148457795,0.7067054604148703,0.49281577531500587,0.20456421606922603,0.3169591567264295,0.10590446564715117,0.5812497734939195,0.5534667091138485,0.4509428443214364,0.41396628642660466,0.641358807124548,0.6946636374102206,0.380676898065434,0.6099653569909804,0.6387414332267455,0.3729016042048471,0.18041448263385546,0.30293660881476037,0.5591488494453981,0.44095528479161333,0.6454249847871494,0.4131911358839934,0.5320362077593762,0.8019286840355522,0.4410906523620364,0.5017615776254796,0.7377544187751247,0.47519933202756515,0.0927876403517634,0.5373573574984669,0.5149205844387138,0.315642393457182,0.8214164045044134,0.4229884760433348,0.4236637360881711,0.9086272722360189,0.4294006045032304,0.4270427510472785,0.8489252326567629,0.449481214990817
26,0.99825805,0.28819629728666024,1.0,0.826563767055349,0.5674003954562452,0.9462036056489487,0.585552466375088,0.813265309728467,0.7845447992870427,0.4195015650282934,0.8894692334282119,0.5572277436102221,0.2800892338978872,0.7504968725659461,0.42433591190071474,0.173436232944651,0.6933092452392835,0.050515759286068884,0.5514471956189687,0.7461202056623775,0.16312746808399525,0.32575710719430306,0.726969359405122,0.4395641316709355,0.24138300825642256,0.6907077729651326,0.5033104114255363,0.21070445669901422,0.4768680870579634,0.0,0.5750725126717661,0.5559140498481144,0.24940064439970794,0.34326269500649187,0.5464661088081878,0.6208523002205807,0.3250113566081668,0.5357710945227334,0.5835906207212842,0.35631167783947104,0.2835914976514632,0.0631627939728458,0.5645152713161052,0.36069015190393977,0.40128416608324635,0.3538410252241053,0.3917372759067098,0.6858823010490833,0.39788265113642357,0.3937911249168716,0.6380377757961774,0.4646028694423018,0.11053076657178806,0.17779497608009331,0.5290818439941807,0.18663534847961905,0.5375188032808706,0.396397988710696,0.24092112222456508,0.7362484586643254,0.40060417776977475,0.25735976741193956,0.6880330050342336,0.4308122628304315
26,0.99778414,0.2807705857414967,1.0,0.7790032543113333,0.5339629488830461,0.9711056221550367,0.5603115262620082,0.7947231715108584,0.8191919292442158,0.42200751417126664,0.8788794833569854,0.5917901847646306,0.30678478352398336,0.738689908702428,0.43680364951445294,0.22099674568866667,0.7271826064226093,0.08498748398593747,0.5705356800129313,0.7479485081959492,0.18421648690446096,0.3653344186587868,0.7127392655192935,0.4433504570186211,0.27506476539848623,0.693470641272394,0.5007869199194039,0.23776644638575523,0.5115213011081632,0.0,0.5952592529119958,0.5382675554264037,0.25839236393769127,0.3935207941498239,0.518841693154971,0.606206722224102,0.36854015034967935,0.5177144889200269,0.5752723634600061,0.3893604551526044,0.3077149467016173,0.03694032053999652,0.5858147874582512,0.3361086839840798,0.355522869507699,0.4009345006614021,0.35658439203619263,0.6347157673912222,0.43778369612684326,0.36926480940031275,0.5970954089814094,0.4948238793987078,0.1211205166430146,0.13530856137822778,0.5530725894829728,0.1560870687315934,0.4619034823909999,0.4391290100688138,0.2048649577480861,0.6701393049283174,0.4463185362914058,0.23328748882913403,0.6379518188193348,0.476544030214521
26,0.9985238,0.17706953409551884,1.0,0.7076913068853161,0.43628794386639724,0.9586103675721649,0.5271977712058403,0.7466682077734752,0.7427393649287283,0.4296883541989897,0.8766853815057947,0.4249819384054498,0.3437116833563154,0.7461174393353613,0.1945746230363657,0.29230869311468394,0.7176193705931353,0.152766456970726,0.6394269592323919,0.7902620334018109,0.07820184179988215,0.4621850563750148,0.7328556182088859,0.3365780068479436,0.3985491751825955,0.6756392293215907,0.37592184797363815,0.38144957131327933,0.5232451287568152,0.02810836089157881,0.6579199567000605,0.5620032186929912,0.050008262925881786,0.4796274387339689,0.5028993004709098,0.45053138099728546,0.4720146847784342,0.49964548479726584,0.3684947299884319,0.5145927512369861,0.3265071723735895,0.0,0.6375686492407164,0.3384235568810442,0.10641724991075902,0.44958238025050473,0.32792621270156536,0.4452729137371528,0.5018377427214848,0.32516719306378794,0.37295964851570285,0.5810786859320254,0.12331461849420527,0.024428735167838167,0.5997825900350684,0.13173916468745922,0.23027116250061747,0.4835763966607735,0.16365588782794754,0.4577786876402721,0.5060510303179026,0.17647384780460146,0.39735396065615886,0.5540977229156503
26,0.9969841,0.3502344160710089,1.0,0.8769831981847789,0.6352071396202761,0.8692883305277692,0.6322823072597465,0.8410445571251434,0.7227391091549944,0.43916224377279456,0.9413603608693548,0.5800312554761345,0.27025887857028835,0.856232312452464,0.5725635531711704,0.12301680181522107,0.5481950725847564,0.0,0.5434286280084688,0.7054749406212499,0.3110418313720481,0.3170770478741331,0.7427302051152038,0.5564488591177094,0.2128339545397281,0.7113844359628739,0.5628652740751914,0.1636228245421824,0.3366103479190917,0.10316786267945577,0.5661359845538056,0.5570256514373748,0.49974484393595614,0.3712529237979566,0.6130927876886253,0.7605757980526198,0.3601801553239986,0.5959891763202124,0.6817961838673778,0.3744928382179211,0.17633528302750923,0.28408127572029884,0.5593786873578606,0.40648239932034935,0.6842129573873063,0.39159041482900236,0.4804182889290452,0.8564536738754507,0.4388097487040068,0.4658744585191658,0.7884194507340027,0.49318676145867846,0.05863963913064524,0.4849511419522368,0.5256822008131512,0.2402511268033649,0.7793650965554648,0.4312395860056444,0.32887111415451353,0.9048019314355011,0.45216802657085253,0.3419617749989333,0.8774906422116988,0.48479515411639473
26,0.99850047,0.33797041518828985,0.6665209883743566,0.8525811440963917,0.5741547629453212,0.5694475492399074,0.6800807186674376,0.7946309943072017,0.529866112625048,0.523478987777271,0.929921521943663,0.5916807639421217,0.3859420170761407,0.8578558888451424,0.7536894639013059,0.2599532095522308,0.5150749959583942,0.0,0.51210550963198,0.7180351530743663,0.5380742464242425,0.32345315244118344,0.733672493024846,0.6544833203512059,0.21734469405012669,0.6780853953257637,0.5636116510661975,0.14741885590360831,0.30674923660707265,0.15844486747014047,0.5089814837749855,0.5976611801385568,0.7681747850729512,0.3719920636287348,0.6208079137605137,0.7781822391604392,0.363818480079398,0.5590676486157081,0.5888290791404414,0.34467174362122655,0.16394506097732342,0.3783172429725694,0.49180221000576724,0.4659205617561222,0.9176889286302707,0.38865056973265527,0.4821148311072917,0.8753543012095939,0.4533678932537176,0.4130799510830343,0.6794891926044933,0.4931776773688019,0.07007847805633705,0.6055992289621852,0.4485438468470596,0.31624771910337457,1.0,0.3565494878199431,0.35612773175804824,0.9610685721902976,0.3676229718181496,0.313462298586869,0.8150086801056825,0.3824877656034363
26,0.9980004,0.3355316173885666,0.8376668637913925,0.8445266869422605,0.5992724829818148,0.7461322306322316,0.6675975236894269,0.8255421744345166,0.6484564447239466,0.5171395619678968,0.9419458217789982,0.6236670639975679,0.3833570347373478,0.8478758600215472,0.7364243441200793,0.26737714172351323,0.5676504722409383,0.0,0.5631553864436036,0.7024458829237603,0.4688634496157917,0.36026336465969266,0.7243264633737593,0.6734597660862889,0.23426236679830664,0.6822695641448172,0.6233815456920412,0.15547331305773948,0.3423487961349115,0.1204532002217587,0.5546639241276619,0.5384405761394914,0.7046763461158021,0.3925209903887746,0.5971936931357015,0.8137778826057547,0.35395835583398105,0.5821952659955622,0.6587889850682642,0.32517214803212074,0.17270905895966215,0.329952851181573,0.526399889952098,0.409431335224639,0.8702156864972028,0.4035006021102915,0.4678294692396946,0.9107901884183105,0.44277498546602695,0.4365994188738429,0.7406112416031602,0.4721869035970204,0.05805417822100173,0.556658215571339,0.4727768911224325,0.2572430790864576,0.9565621271721247,0.39231391698310114,0.31940854922628764,1.0,0.4082206013601787,0.29975546057060876,0.8869429388628975,0.42726052558821614
